"State","Original.Balance","Loan.to.Value","Credit.Score","Appraised.Price","Years.Investing","Location","Performance"
"NY",-0.843935248712777,-0.115823808361237,0.843933756798871,-0.820581214107189,-0.98958178445183,"rural",1
"PA",-0.511642711231565,-0.802712814389803,0.221581613976205,-0.410282113082538,-0.98958178445183,"urban",1
"PA",-0.861500622775166,1.37618631440852,-0.0226325180174995,-0.943670944414585,-0.98958178445183,"urban",0
"PA",-0.861500622775166,1.37618631440852,-0.920710293736284,-0.943670944414585,-0.98958178445183,"urban",0
"MD",0.451525299856096,0.998107274873212,-0.132922771175947,0.123106718249509,-0.98958178445183,"suburban",1
"MS",-0.482821854760266,1.27404080314601,0.0482683590129308,-0.205132562570212,-0.98958178445183,"suburban",1
"MS",-1.0232271250648,1.6294403746041,-0.400770528846461,-0.820581214107189,-0.98958178445183,"suburban",1
"FL",-0.800021813556804,-0.146326813875944,0.757277129317234,-0.779551304004724,-0.98958178445183,"suburban",1
"PA",-0.756108378400832,-0.17243457363925,0.284604615781032,-0.682296740425181,-0.98958178445183,"urban",1
"MI",-0.185233721373191,-0.333388473055466,-1.10190142392516,-0.724844757201437,-0.98958178445183,"urban",0
"MI",-0.551179014339628,-0.256471672405991,-1.10190142392516,-0.533371843389933,-0.98958178445183,"rural",0
"IN",-0.785384001838147,1.30674143153642,0.442162120293099,-0.779551304004724,-0.98958178445183,"suburban",1
"MO",1.43956337939779,-1.32416477033573,0.938468259506112,1.9420993994588,0.147803381713538,"urban",1
"OH",-0.833674569042029,-0.0251938409673993,-0.700129787419389,-0.820581214107189,-0.98958178445183,"suburban",1
"MI",-0.697557131526202,-0.201794815258593,0.710009877963614,-0.683814847098972,-0.98958178445183,"urban",1
"SC",0.048260692740927,-0.314752631069536,-0.0935333950479298,0.0684001714462226,-0.98958178445183,"rural",0
"PA",-0.499932461856639,1.15642402683859,0.65486475138439,-0.642784936996507,-0.98958178445183,"suburban",1
"VA",0.0928847012813002,-0.365825386700787,0.237337364427412,0.0547235347454008,-0.98958178445183,"rural",0
"SC",-0.302336215122451,-4.08139033510307,-0.385014778395255,3.59697244025823,0.724653440373228,"suburban",1
"MI",-0.697557131526202,-0.201794815258593,-0.00687676756629275,-0.683814847098972,-0.0165114834804341,"suburban",0
"MI",-0.843935248712777,-0.115823808361237,-0.00687676756629275,-0.683814847098972,-0.12722008059694,"suburban",0
"LA",-0.70366806263205,-0.243813364641963,-0.920710293736284,-0.683814847098972,-0.0654563369424684,"urban",1
"IL",-0.357220903333572,1.02694008700239,-0.345625402267238,-0.19145592586939,-0.40690495752285,"suburban",1
"FL",0.854050910651488,-0.85527995357653,1.22994964285344,0.984734830401278,-0.98958178445183,"suburban",1
"GA",-0.548251451995896,0.957407299215262,0.308238241457842,-0.697491483799794,-0.98958178445183,"suburban",1
"OH",2.41873350310215,1.02694008700239,-0.424404154523271,1.66856666544236,0.408842600177721,"suburban",1
"PA",-0.843935248712777,-0.115823808361237,0.576085999128357,-0.820581214107189,-0.98958178445183,"urban",0
"OH",0.0160006610891286,-0.370748061942353,-0.700129787419389,-0.0136596487587078,-0.98958178445183,"suburban",0
"PA",-0.633150759964109,1.21180412330621,-0.684374036968183,-0.779551304004724,-0.0106847152111443,"suburban",1
"PA",-0.661687387081647,1.22648424411588,-0.668618286516976,-0.642784936996507,-0.98958178445183,"urban",0
"MI",-0.843935248712777,-0.115823808361237,-1.10190142392516,-0.820581214107189,-0.98958178445183,"rural",1
"SC",0.663759358308941,-0.370748061942353,-0.0935333950479298,0.574435729376626,-0.98958178445183,"suburban",0
"FL",-0.780637371630349,1.30296152019022,0.426406369841893,-0.615431663594863,-0.98958178445183,"rural",1
"FL",-0.780637371630349,1.30296152019022,0.56033024867715,-0.615431663594863,-0.98958178445183,"rural",1
"MI",-0.787288338508341,1.30823581509189,-0.0462661436943096,-0.820581214107189,-0.98958178445183,"urban",1
"MI",-0.697557131526202,-0.201794815258593,-0.00687676756629275,-0.683814847098972,-0.34397586021452,"suburban",0
"MI",-0.300346609646129,-0.370748061942353,0.0482683590129308,-0.300869019475964,-0.98958178445183,"suburban",0
"MS",1.01023494054279,-0.370748061942353,0.0482683590129308,0.888998373495526,-0.98958178445183,"rural",1
"OH",-0.375667388392618,-0.370748061942353,0.646986876158787,-0.369252202980072,-0.98958178445183,"suburban",1
"PA",0.347412087573684,-0.370748061942353,-0.148678521627153,0.28722635865937,0.0277719553661684,"rural",0
"PA",-0.632610724191965,-1.43360638954555,-0.518938657230512,-0.396605476381716,-0.40690495752285,"suburban",1
"MI",1.04036325204139,-0.370748061942353,0.544574498225943,0.957381556999634,-0.98958178445183,"urban",1
"TX",-0.756108378400832,-0.17243457363925,-0.353503277492841,-0.711168120500616,-0.98958178445183,"suburban",1
"FL",0.498053645066663,-0.370748061942353,0.0719019846897409,0.423992725667587,0.249189149599181,"suburban",0
"OH",-0.858573060431434,-0.104484074322629,-0.0620218941455163,-0.834257850808011,-0.98958178445183,"rural",1
"NC",-0.0291918061587653,-0.370748061942353,0.284604615781032,-0.0546895588611729,-0.98958178445183,"suburban",1
"TX",0.166642218582108,-0.370748061942353,0.127047111268965,0.123106718249509,-0.98958178445183,"suburban",1
"TX",0.467925333568067,-0.370748061942353,0.127047111268965,0.396639452265944,-0.98958178445183,"suburban",0
"SC",0.407668710570876,-0.370748061942353,-0.676496161742579,0.341932905462657,0.341252088253959,"suburban",1
"IL",0.272091308827194,-0.370748061942353,-0.463793530651288,0.218843175155261,-0.523440322908646,"suburban",1
"SC",-0.0261789750089057,0.56104403735414,-0.676496161742579,0.273549721958548,-0.0829366417503377,"rural",1
"WI",-0.831571271824202,-0.521768705960407,0.796666505445251,-0.765874667303902,-0.98958178445183,"suburban",1
"GA",-0.547341918063863,-0.320554355461382,0.867567382475681,-0.533371843389933,-0.98958178445183,"suburban",1
"IN",-0.518918982687829,-0.331366660009823,0.465795745969909,-0.50601856998829,-0.98958178445183,"rural",0
"PA",0.362476243322982,1.02694008700239,0.867567382475681,-0.0683661955619946,-0.98958178445183,"suburban",1
"IN",-0.829297436994119,-1.1072154400467,0.473673621195513,-0.615431663594863,-0.98958178445183,"suburban",1
"NC",0.754144292804729,1.02694008700239,0.741521378866027,0.20516653845444,-0.98958178445183,"suburban",1
"PA",-0.432399567403182,1.07774912788855,-0.11716702072474,-0.551561770202026,-0.98958178445183,"rural",0
"PA",-0.432399567403182,1.07774912788855,-0.0226325180174995,-0.538787791523459,-0.98958178445183,"suburban",0
"OH",-0.832224999337851,-0.639473387182861,-0.0620218941455163,-0.752198030603081,-0.98958178445183,"suburban",1
"OK",-0.945263013328338,0.379784102566464,-0.172312147303964,-0.943670944414585,-0.98958178445183,"suburban",1
"OH",-0.596996786165794,1.19483847470581,-3.84340200243513,-0.753565694273163,0.109346711136225,"suburban",0
"NC",0.873804850737831,-1.26307085439129,-0.219579398657584,1.25416457340747,-0.98958178445183,"urban",0
"TN",1.44226355825851,0.830648411744927,-3.84340200243513,1.08730960565744,-0.98958178445183,"suburban",1
"SC",0.577893670537943,1.02694008700239,-0.132922771175947,0.0820768081470443,0.758448696335108,"suburban",1
"SC",-0.490496047311795,-0.341475725238039,-0.361381152718444,-0.396605476381716,-0.98958178445183,"suburban",0
"NC",0.164681036041162,1.02694008700239,0.473673621195513,-0.19145592586939,-0.98958178445183,"suburban",1
"OH",-0.70366806263205,-0.243813364641963,0.394894868939479,-0.683814847098972,-0.98958178445183,"rural",1
"IL",-0.539525610835454,1.08829771769191,0.576085999128357,-0.615431663594863,-0.98958178445183,"suburban",1
"MI",-0.641137604804775,1.14675448618551,0.182192237848188,-0.697491483799794,0.758448696335108,"rural",1
"SC",-0.324904025811022,1.02694008700239,-0.361381152718444,-0.519695206689111,-0.98958178445183,"suburban",0
"OH",-0.641137604804775,1.14675448618551,0.859689507250078,-0.779551304004724,-0.19014917790527,"suburban",0
"NY",-0.858573060431434,-0.104484074322629,-0.321991776590428,-0.834257850808011,-0.0130154225188601,"urban",0
"FL",-0.270218298147533,-0.370748061942353,0.757277129317234,-0.27351574607432,-0.173834226751259,"suburban",1
"WV",-0.353071154768672,-0.370748061942353,0.276726740555429,-0.34873724792884,-0.98958178445183,"urban",1
"MO",-0.511813248843821,-0.333915902545633,-0.574083783809735,-0.499180251637879,-0.98958178445183,"urban",0
"FL",0.626098968935696,0.938156122824136,1.22994964285344,0.410316088966766,-0.98958178445183,"suburban",1
"MS",0.106385595584916,-0.755419970104755,-0.400770528846461,0.191489901753618,-0.98958178445183,"suburban",0
"PA",-0.518918982687829,-0.331366660009823,-0.400770528846461,-0.50601856998829,-0.98958178445183,"suburban",0
"NY",1.44226355825851,-2.04990774880666,1.1432930153718,2.73534432810646,2.27340844635046,"urban",1
"FL",0.0324859636072282,1.02694008700239,0.363383368037066,-0.0820428322628164,-0.639975688294442,"suburban",1
"PA",0.829465071551219,-0.370748061942353,0.65486475138439,0.724878733085665,0.175771869406129,"suburban",1
"AL",1.01023494054279,-0.370748061942353,0.883323132926888,0.888998373495526,0.408842600177721,"rural",1
"IN",0.221981673759246,0.422945415845198,0.450039995518703,-0.0273362854595295,-0.639975688294442,"suburban",1
"FL",0.257027153077896,-0.370748061942353,-0.479549281102495,0.20516653845444,-0.98958178445183,"suburban",0
"MI",0.558310268063855,-0.370748061942353,-1.10190142392516,0.478699272470874,-0.98958178445183,"rural",1
"NH",0.287155464576492,-0.370748061942353,-0.621351035163356,0.232519811856083,1.92380235019307,"suburban",0
"PA",-0.747325691369638,1.27861185872747,0.221581613976205,-0.697491483799794,0.758448696335108,"urban",1
"NC",-0.264192635847813,1.02694008700239,-0.416526279297668,1.69879421139538e-05,-0.639975688294442,"suburban",1
"MS",0.0385968947130755,0.982899724573373,-0.400770528846461,-0.287192382775142,-0.98958178445183,"suburban",1
"TX",-0.287698403403794,-0.317126063775291,0.111291360817758,-0.300869019475964,0.131488430559527,"suburban",0
"MS",-0.419438708871711,1.03573057850518,-0.400770528846461,-0.478665296586646,-0.98958178445183,"suburban",1
"MO",-0.829297436994119,-0.126548207994649,0.544574498225943,-0.806904577406368,0.175771869406129,"suburban",1
"IN",0.421226450745244,1.02694008700239,0.623353250481977,-0.0136596487587078,4.72065111945217,"suburban",1
"MS",0.362476243322982,1.02694008700239,0.497307246872323,-0.0683661955619946,-0.98958178445183,"urban",1
"AL",-0.785384001838147,1.30674143153642,-3.84340200243513,-0.834257850808011,-0.40690495752285,"suburban",1
"WI",-0.0442559619080633,-0.370748061942353,-1.28309255411404,-0.0683661955619946,-0.290369592137054,"urban",0
"IN",0.37754039907228,-0.370748061942353,-0.054144018919913,0.314579632061014,0.175771869406129,"suburban",1
"MI",-0.518918982687829,-0.331366660009823,-0.605595284712149,-0.50601856998829,-0.290369592137054,"suburban",0
"MI",0.0211167894568147,-0.403097070672647,-0.605595284712149,1.69879421139538e-05,-0.290369592137054,"suburban",0
"AL",-0.831571271824202,-1.51351195730598,0.646986876158787,-0.615431663594863,-0.523440322908646,"urban",1
"PA",-0.646822191879982,-0.275634943882089,0.812422255896458,-0.629108300295685,-0.523440322908646,"suburban",1
"OH",1.09686804756895,1.02694008700239,0.63123112570758,0.547082455974983,0.175771869406129,"urban",1
"SC",0.528181956565259,-1.30254016123885,-0.361381152718444,0.888998373495526,2.27340844635046,"suburban",0
"MI",-0.803148336448168,-0.171819239234055,0.710009877963614,-0.779551304004724,-0.000196532326422638,"urban",1
"FL",-0.859994207200236,-0.117406096831741,-0.353503277492841,-0.90264103431212,0.262008039791618,"urban",0
"GA",-0.447861644247744,-0.355364701812459,-0.132922771175947,-0.437635386484181,0.758448696335108,"suburban",0
"IN",-0.785384001838147,1.30674143153642,-3.84340200243513,-0.834257850808011,-0.873046419066034,"suburban",1
"MI",-0.65364369637023,-0.220606467074579,-0.810420040577837,-0.642784936996507,0.292307234791925,"suburban",1
"IN",-0.604187788815931,-0.29638050382869,0.465795745969909,-0.58807839019322,-0.639975688294442,"rural",1
"PA",-0.756108378400832,-0.17243457363925,0.65486475138439,-0.738521393902259,-0.40690495752285,"suburban",1
"OH",-0.461874151388129,1.14367781415953,0.434284245067496,-0.642784936996507,-0.98958178445183,"suburban",1
"WI",-0.313136930565344,1.02702799191742,0.694254127512407,-0.0683661955619946,1.34112552326409,"rural",1
"SC",0.569679442214269,-0.414700519456339,0.599719624805167,-0.58807839019322,-0.40690495752285,"rural",1
"OK",-0.419438708871711,-0.3639793834852,0.710009877963614,-0.410282113082538,-0.98958178445183,"urban",1
"OK",-0.589976321127914,-0.302709657710704,0.710009877963614,-0.574401753492398,-0.290369592137054,"rural",1
"OK",-0.589976321127914,-0.302709657710704,0.710009877963614,-0.574401753492398,-0.290369592137054,"rural",1
"GA",0.257027153077896,-0.370748061942353,0.473673621195513,0.20516653845444,-0.873046419066034,"suburban",1
"MD",-0.121083156229483,-1.86530742724792,0.576085999128357,0.410316088966766,1.22459015787829,"urban",1
"MD",-0.121083156229483,-1.86530742724792,0.780910754994044,0.410316088966766,1.22459015787829,"urban",1
"MI",0.362476243322982,1.02694008700239,-0.282602400462411,0.136783354950331,0.758448696335108,"urban",0
"MI",0.362476243322982,1.02694008700239,-0.0856555198223265,0.136783354950331,0.758448696335108,"urban",0
"FL",1.23619727678226,-0.370748061942353,-1.00736692121792,1.09414792400785,-0.98958178445183,"suburban",0
"MI",-0.774725401072134,1.01375434974819,0.710009877963614,-0.861611124209654,-0.98958178445183,"rural",1
"LA",-0.390731544141916,-0.370748061942353,1.09602576401818,-0.382928839680894,-0.756511053680238,"rural",1
"LA",0.528181956565259,-0.370748061942353,-0.487427156328098,0.451345999069231,-0.756511053680238,"suburban",0
"GA",-0.697557131526202,-0.201794815258593,-0.999489045992317,-0.683814847098972,0.175771869406129,"suburban",0
"SC",-0.0743842734066592,-0.370748061942353,-0.440159904974478,-0.0957194689636381,3.32222673482262,"suburban",1
"OH",-0.632610724191965,-1.26236761507106,0.323993991909049,-0.437635386484181,-0.523440322908646,"urban",0
"TX",0.784272604303325,-0.370748061942353,-0.361381152718444,0.6838488229832,0.758448696335108,"urban",0
"TX",-0.56155338575188,-0.314840535984564,0.205825863524998,-0.547048480090755,1.57419625403568,"rural",1
"OH",-0.194897519401043,-0.370748061942353,0.56033024867715,-0.205132562570212,-0.98958178445183,"suburban",1
"NC",-0.476284579623778,-0.34622259064955,-0.314113901364824,-0.464988659885825,1.1080547924925,"suburban",0
"IN",-0.105166312418904,1.02694008700239,0.717887753189217,-0.205132562570212,-0.98958178445183,"suburban",1
"MO",-0.462073111935761,-0.350881551146032,-0.574083783809735,-0.98470085451705,-0.98958178445183,"urban",0
"WI",-0.462073111935761,-0.350881551146032,-3.84340200243513,-0.451312023185003,-0.290369592137054,"urban",0
"MI",-0.37680430580766,-1.07398738216612,-1.10190142392516,-0.205132562570212,0.175771869406129,"rural",1
"FL",-0.673113407102813,1.23263758816784,0.757277129317234,-0.676976528748561,-0.98958178445183,"suburban",1
"OH",-0.405227241183694,-0.927449888814495,1.1432930153718,-0.27351574607432,-0.40690495752285,"rural",1
"OH",-0.858573060431434,-0.104484074322629,-0.566205908584132,-0.834257850808011,-0.873046419066034,"suburban",1
"OH",-0.831571271824202,0.830648411744927,0.843933756798871,-0.738521393902259,-0.873046419066034,"suburban",1
"PA",-0.225025830899639,1.02694008700239,0.308238241457842,-0.464988659885825,0.758448696335108,"urban",1
"WV",-0.831571271824202,-0.731158213557035,0.276726740555429,-0.739889057572341,-0.639975688294442,"urban",1
"TN",0.166642218582108,1.02694008700239,0.788788630219648,-0.205132562570212,-0.756511053680238,"suburban",1
"GA",-0.589976321127914,-0.302709657710704,-0.810420040577837,-0.574401753492398,1.02065326845315,"suburban",1
"MI",-0.675245127256016,-0.26042739358225,-0.93646604418749,-0.656461573697329,-0.40690495752285,"suburban",0
"PA",-0.0291918061587653,1.02694008700239,-0.487427156328098,-0.341898929578429,-0.98958178445183,"suburban",1
"MI",-0.490496047311795,-1.79638997386599,-3.84340200243513,-0.10939610566446,-0.523440322908646,"suburban",1
"NY",-0.773673752463221,-0.16250131824109,0.410650619390686,-0.752198030603081,0.0592365040203332,"urban",1
"SC",-0.345539076894023,-0.370748061942353,0.0167568581105174,-0.957347581115406,0.9915194271067,"suburban",1
"IL",0.0160006610891286,-0.370748061942353,0.213703738750602,-0.0136596487587078,1.34112552326409,"suburban",1
"MO",-0.785384001838147,1.30674143153642,0.576085999128357,-0.875287760910476,2.50647917712205,"rural",1
"MO",-0.785384001838147,1.30674143153642,0.347627617585859,-0.875287760910476,2.50647917712205,"rural",1
"MI",0.0084685832144796,-0.370748061942353,0.765155004542838,-0.0204979671091186,-0.40690495752285,"suburban",1
"TN",2.8634103270602,-1.36697446395435,0.765155004542838,3.62432571365987,-0.40690495752285,"suburban",1
"MI",-0.0442559619080633,-0.370748061942353,0.765155004542838,-0.0683661955619946,-0.40690495752285,"suburban",1
"VA",0.205809023530283,1.02694008700239,0.969979760408525,-0.177779289168568,0.525377965563517,"urban",1
"NC",1.04789532991604,-0.370748061942353,-0.314113901364824,0.92318996524758,-0.98958178445183,"rural",0
"NC",1.04789532991604,-0.370748061942353,-0.258968774785601,0.92318996524758,-0.98958178445183,"rural",0
"TX",-0.164769207902447,-0.370748061942353,0.702132002738011,-0.177779289168568,-0.639975688294442,"suburban",0
"SC",-0.843935248712777,-0.115823808361237,0.757277129317234,-0.820581214107189,-0.639975688294442,"suburban",1
"LA",0.934914161796304,-0.370748061942353,0.56033024867715,0.820615189991417,-0.523440322908646,"suburban",1
"NY",-0.225025830899639,1.02694008700239,-0.21170152343198,-0.478665296586646,-0.98958178445183,"suburban",0
"MI",-0.696562328788041,1.18639960286313,-0.054144018919913,-0.820581214107189,-0.173834226751259,"suburban",1
"LA",-0.585712880821509,1.11291109389974,0.111291360817758,-0.738521393902259,-0.98958178445183,"suburban",1
"MI",-0.668281508088887,-0.214541027937649,0.308238241457842,-0.656461573697329,-0.523440322908646,"urban",0
"PA",0.558310268063855,-2.33788425043829,0.0561462342385342,1.77797975904894,-0.98958178445183,"suburban",1
"PA",0.558310268063855,-2.33788425043829,0.0797798599153443,1.77797975904894,-0.98958178445183,"suburban",1
"MS",-0.348381370431626,-0.805701581500754,0.702132002738011,-0.246162472672677,-0.873046419066034,"suburban",1
"NC",0.249495075203247,-0.370748061942353,-0.148678521627153,0.198328220104029,1.92380235019307,"suburban",1
"TX",0.287155464576492,-0.370748061942353,0.127047111268965,0.232519811856083,0.758448696335108,"suburban",0
"TX",0.000936505339830616,-0.370748061942353,0.127047111268965,-0.0273362854595295,0.758448696335108,"suburban",1
"MI",-0.632610724191965,-0.282843146914382,0.710009877963614,-0.615431663594863,0.175771869406129,"suburban",1
"NJ",-0.119576740654553,-0.370748061942353,-0.353503277492841,-0.136749379066103,-0.756511053680238,"urban",0
"SC",2.99870349945013,0.326250009314429,0.00887898288491399,1.23091429101607,-0.0572988613654626,"suburban",0
"MO",1.65799363776261,-0.370748061942353,0.938468259506112,1.47709375163086,0.525377965563517,"urban",1
"NC",1.23619727678226,-0.370748061942353,-0.77103066444982,1.37435485673429,0.292307234791925,"suburban",1
"NJ",-0.0141276504094673,-0.370748061942353,0.497307246872323,-0.0410129221603512,1.57419625403568,"suburban",1
"FL",0.128981829208863,-0.370748061942353,-0.834053666254647,0.0410468980445791,-0.873046419066034,"rural",0
"NJ",0.663759358308941,-0.370748061942353,0.796666505445251,0.574435729376626,-0.40690495752285,"urban",1
"NC",0.365801726761978,1.02702799191742,0.323993991909049,0.109430081548688,0.408842600177721,"suburban",0
"NC",1.01023494054279,-0.370748061942353,0.733643503640424,0.888998373495526,1.34112552326409,"rural",1
"PA",-0.655349072492792,-0.27123969813069,-0.132922771175947,-0.637314282316178,0.408842600177721,"suburban",0
"GA",0.88972169454841,-0.370748061942353,-1.24370317798602,0.779585279888952,-0.40690495752285,"suburban",0
"TN",-0.330474921144725,-0.370748061942353,-1.1885580514068,-0.328222292877607,0.175771869406129,"suburban",0
"SC",0.447460820097323,-3.42922377051055,-0.385014778395255,3.5832958035574,1.34112552326409,"suburban",0
"AR",-0.383199466267267,-0.370748061942353,0.505185122097926,-0.376090521330483,-0.873046419066034,"urban",1
"VA",2.36600895797961,-1.70189219021092,-0.172312147303964,3.48755934665165,0.408842600177721,"suburban",1
"SC",0.2268988415793,-0.370748061942353,0.0167568581105174,0.177813265052796,0.408842600177721,"suburban",1
"IN",3.93864997233557,0.763664866493614,0.717887753189217,2.80372751161057,0.292307234791925,"suburban",1
"NJ",-0.119576740654553,-0.370748061942353,0.623353250481977,-0.136749379066103,-0.873046419066034,"urban",1
"VA",0.0211167894568147,-0.146063099130859,0.552452373451547,-0.0683661955619946,0.0697246869050548,"suburban",0
"GA",-0.71219494324486,-0.194938231886411,-0.518938657230512,-0.697491483799794,0.175771869406129,"suburban",1
"MI",0.215614936235015,1.02702799191742,-0.644984660840166,-0.0683661955619946,-0.873046419066034,"suburban",0
"WI",0.257027153077896,-0.370748061942353,-0.637106785614562,0.20516653845444,2.27340844635046,"rural",1
"LA",0.347810008668948,1.02702799191742,-0.495305031553702,0.417154407317176,0.758448696335108,"suburban",0
"MS",0.874657538799112,-0.370748061942353,-0.400770528846461,0.76590864318813,0.175771869406129,"suburban",1
"IN",0.633631046810345,-0.370748061942353,0.0403904837873275,0.547082455974983,1.92380235019307,"suburban",1
"MI",-0.734137449355158,-0.183950117507915,-1.10190142392516,-0.718006438851026,-0.0572988613654626,"rural",1
"GA",1.53748039176822,-0.370748061942353,0.166436487396981,1.36768065802429,0.874984061720904,"suburban",1
"IN",-0.661033659567999,-0.268163026104711,0.710009877963614,-0.642784936996507,0.641913330949313,"rural",0
"MI",-0.547341918063863,-2.54182365330318,-0.353503277492841,0.150459991651153,-0.873046419066034,"suburban",1
"FL",-0.270218298147533,-0.370748061942353,-0.298358150913617,-0.27351574607432,-0.756511053680238,"suburban",1
"NJ",-0.254386723143082,1.02702799191742,0.733643503640424,-0.341898929578429,0.0592365040203332,"urban",1
"IN",-0.632610724191965,-0.282843146914382,-0.432282029748875,-0.396605476381716,1.34112552326409,"suburban",0
"VA",0.773727695278816,1.02694008700239,0.969979760408525,0.218843175155261,0.525377965563517,"suburban",1
"PA",4.2845570958619,-0.403097070672647,0.308238241457842,3.8978584476763,0.758448696335108,"suburban",0
"TX",-0.490496047311795,-0.341475725238039,0.127047111268965,-0.478665296586646,0.175771869406129,"suburban",1
"IN",-0.697557131526202,-0.201794815258593,0.197947988299395,-0.654286988461898,0.0592365040203332,"suburban",1
"FL",2.30558179737016,0.560780322609057,0.0955356103665511,1.5044470250325,-0.98958178445183,"suburban",0
"PA",-0.293553528091257,1.02702799191742,-0.21170152343198,-0.259839109373499,-0.873046419066034,"rural",1
"SC",0.362476243322982,1.02694008700239,-3.84340200243513,-0.0683661955619946,-0.290369592137054,"suburban",1
"WI",0.0393643139682284,1.02702799191742,0.426406369841893,0.341932905462657,0.292307234791925,"suburban",1
"NJ",0.852061305175165,1.02694008700239,-0.999489045992317,0.273549721958548,2.85608527327943,"urban",1
"LA",-0.490496047311795,-0.341475725238039,0.253093114878618,-0.478665296586646,-0.173834226751259,"suburban",1
"FL",0.421226450745244,1.02694008700239,0.260970990104222,0.752232006487309,-0.639975688294442,"rural",1
"NY",-0.567237972827087,1.1027141237565,0.710009877963614,-0.615431663594863,0.175771869406129,"urban",1
"MD",1.14581234228648,1.02694008700239,0.63123112570758,0.478699272470874,0.175771869406129,"urban",1
"PA",0.332347931824386,-0.370748061942353,0.182192237848188,0.273549721958548,1.34112552326409,"urban",1
"MO",-0.696562328788041,1.18639960286313,-0.282602400462411,-0.547048480090755,-0.756511053680238,"rural",0
"SC",-0.225025830899639,1.02694008700239,-3.84340200243513,-0.464988659885825,-0.98958178445183,"suburban",1
"FL",0.106385595584916,-2.70022831018359,0.820300131122061,1.43606384152839,2.50647917712205,"suburban",1
"WI",-0.741470566682175,-0.18025811107674,-0.0305103932431029,-0.724844757201437,-0.639975688294442,"urban",1
"LA",1.04036325204139,-0.370748061942353,-0.826175791029043,0.916351646897169,-0.873046419066034,"suburban",0
"NY",1.31151805552875,-0.370748061942353,0.65486475138439,1.02576474050374,-0.173834226751259,"urban",1
"NY",1.31151805552875,-0.370748061942353,0.804544380670854,1.02576474050374,-0.173834226751259,"urban",1
"NJ",-0.315410765395427,-0.370748061942353,0.662742626609994,-0.341898929578429,0.874984061720904,"urban",0
"NJ",1.01023494054279,-0.370748061942353,-0.0620218941455163,0.888998373495526,-0.0572988613654626,"urban",1
"SC",-0.785384001838147,1.30674143153642,-0.550450158132925,-0.847934487508833,0.408842600177721,"rural",1
"NC",-0.689456594944033,-3.1983854636471,-0.79466429012663,0.341932905462657,-0.756511053680238,"urban",1
"SC",-0.419438708871711,-0.3639793834852,0.0167568581105174,-0.410282113082538,0.408842600177721,"suburban",1
"AL",-0.547341918063863,-0.320554355461382,-0.0777776445967231,-0.533371843389933,1.80726698480727,"suburban",1
"PA",-0.597082054971922,-0.299545080769697,-0.243213024334394,-0.581240071842809,0.174606515752271,"urban",1
"FL",0.163231466336984,-3.14115936396389,0.387016993713876,2.20195549677441,4.25450965790898,"suburban",1
"AL",-0.7463024656961,1.09700030427968,-3.84340200243513,-0.90264103431212,0.175771869406129,"urban",1
"NY",1.83876350675418,-0.370748061942353,-0.952221794638697,1.64121339204072,-0.173834226751259,"suburban",0
"SC",-0.225025830899639,-0.370748061942353,0.757277129317234,-0.232485835971855,-0.639975688294442,"suburban",1
"GA",-0.400963800877289,1.028873995133,0.308238241457842,-0.601755026894042,0.175771869406129,"suburban",1
"MD",-0.689456594944033,-2.83208568272554,-0.195945772980774,0.0684001714462226,0.758448696335108,"urban",0
"MI",-0.421286199671153,1.03643381782541,-3.84340200243513,-0.478665296586646,0.269000161714766,"rural",1
"NJ",0.633631046810345,-0.370748061942353,0.568208123902753,0.422419912446993,-0.40690495752285,"suburban",1
"MD",0.257027153077896,-0.92982332152025,-0.518938657230512,0.410316088966766,-0.756511053680238,"suburban",0
"MS",-0.0925749520473209,-0.634462807026267,0.0403904837873275,0.615465639479091,0.502070892486358,"rural",0
"VA",-0.462073111935761,-0.350881551146032,0.662742626609994,-0.451312023185003,0.758448696335108,"suburban",1
"FL",-0.474863432854977,1.05814633183732,1.33236202078628,-0.615431663594863,-0.98958178445183,"suburban",1
"IA",-0.589976321127914,-0.302709657710704,0.505185122097926,-0.574401753492398,0.641913330949313,"urban",1
"AL",-0.767619667228126,-0.200388336618146,-3.84340200243513,-0.74535971225267,-0.40690495752285,"urban",0
"TX",-0.0593201176573612,-0.370748061942353,0.127047111268965,-0.0820428322628164,0.758448696335108,"urban",1
"TX",0.565842345938504,-0.370748061942353,0.127047111268965,0.493470040107762,0.758448696335108,"suburban",1
"FL",-0.569085463626529,1.10368107782181,0.48942937164672,-0.683814847098972,-0.40690495752285,"suburban",1
"IL",-0.589976321127914,-0.302709657710704,-0.156556396852757,-0.574401753492398,0.175771869406129,"suburban",1
"IL",-0.518918982687829,-0.331366660009823,-0.156556396852757,-0.574401753492398,0.175771869406129,"suburban",1
"NY",3.34517908168398,-0.370748061942353,-0.668618286516976,3.00887706212289,-0.40690495752285,"urban",1
"PA",-0.632610724191965,-0.282843146914382,0.891201008152491,-0.571133037320902,-0.0572988613654626,"urban",1
"VA",0.332347931824386,-0.370748061942353,0.418528494616289,0.20516653845444,-0.290369592137054,"suburban",1
"MS",-0.604187788815931,1.12363549353315,-0.400770528846461,-0.593959343974573,0.758448696335108,"suburban",0
"MI",0.181706374331406,-0.370748061942353,-3.84340200243513,-0.67013821039815,0.175771869406129,"suburban",1
"NY",0.4550781667781,-0.414700519456339,0.843933756798871,0.401015976010207,3.67183283098001,"suburban",1
"TX",0.0160006610891286,-0.370748061942353,0.568208123902753,-0.369252202980072,0.175771869406129,"suburban",1
"NJ",0.264559230952545,1.02694008700239,0.694254127512407,-0.0683661955619946,-0.756511053680238,"urban",0
"OH",0.37754039907228,-0.370748061942353,0.473673621195513,0.314579632061014,-0.639975688294442,"suburban",1
"FL",0.332347931824386,-0.370748061942353,-0.755274913998613,0.273549721958548,0.175771869406129,"suburban",1
"IN",-0.734109026419782,1.26964555739461,0.457917870744306,-0.820581214107189,1.34112552326409,"suburban",1
"FL",-0.156469710772645,1.02702799191742,0.615475375256374,-0.410282113082538,-0.756511053680238,"suburban",1
"NC",-0.375553696651114,1.02694008700239,1.52930890142636,-0.232485835971855,1.34112552326409,"suburban",1
"TN",-0.315410765395427,-0.370748061942353,0.119169236043361,-0.314545656176786,1.34112552326409,"suburban",1
"SC",-0.632610724191965,-0.282843146914382,-0.652862536065769,-0.615431663594863,0.758448696335108,"suburban",1
"SC",-0.462073111935761,-0.350881551146032,-0.652862536065769,-0.451312023185003,0.758448696335108,"suburban",0
"NJ",2.04966168724435,-0.370748061942353,0.828178006347665,1.79165639574976,0.758448696335108,"rural",1
"FL",0.106385595584916,-2.32100650675292,0.985735510859732,1.05311801390539,0.175771869406129,"suburban",1
"PA",-0.604187788815931,-0.29638050382869,0.946346134731715,-0.574606903042911,0.175771869406129,"urban",1
"PA",-0.7463024656961,-0.215859601663068,0.946346134731715,-0.724844757201437,0.175771869406129,"urban",1
"PA",-0.270218298147533,-0.370748061942353,0.284604615781032,-0.27351574607432,0.758448696335108,"urban",1
"NC",-0.622662696810353,1.13488732265674,0.717887753189217,-0.765874667303902,-0.873046419066034,"suburban",1
"GA",-0.785384001838147,-0.155468925038852,-0.361381152718444,-0.765874667303902,-0.40690495752285,"suburban",0
"VA",-0.270218298147533,-0.370748061942353,-0.574083783809735,-0.27351574607432,-0.756511053680238,"suburban",1
"NC",-0.263112564303524,-1.9180503762647,0.119169236043361,0.218843175155261,-0.873046419066034,"suburban",1
"PA",1.38683883427524,-0.370748061942353,0.323993991909049,1.23091429101607,1.34112552326409,"urban",0
"PA",-0.433650176559728,-0.359759947563857,0.284604615781032,-0.423958749783359,0.758448696335108,"suburban",1
"MD",-0.375667388392618,-0.370748061942353,-0.518938657230512,-0.369252202980072,-0.173834226751259,"urban",1
"FL",0.220475258184316,1.02685218208736,-0.0226325180174995,-0.164102652467747,-0.0572988613654626,"suburban",1
"OH",-0.119576740654553,-0.370748061942353,-0.471671405876892,-0.136749379066103,1.34112552326409,"suburban",1
"NC",0.663759358308941,-0.370748061942353,0.260970990104222,0.574435729376626,2.04033771557886,"urban",1
"TN",0.106385595584916,-2.11785824812328,0.780910754994044,0.888998373495526,-0.40690495752285,"rural",1
"TN",0.106385595584916,-0.416898142332038,0.780910754994044,0.0820768081470443,-0.40690495752285,"suburban",1
"TX",-0.0291918061587653,1.02694008700239,0.0246347333361207,-0.341898929578429,-0.40690495752285,"suburban",1
"MI",-0.70366806263205,-0.243813364641963,-0.243213024334394,-0.683814847098972,0.9915194271067,"urban",1
"NY",-0.639005884651572,-0.226320286551397,0.00887898288491399,-0.629108300295685,-0.40690495752285,"urban",0
"NJ",-0.225025830899639,1.02694008700239,1.31660627033507,-0.136749379066103,-0.173834226751259,"urban",1
"GA",-0.300346609646129,-0.370748061942353,-0.479549281102495,-0.300869019475964,1.34112552326409,"suburban",1
"GA",-0.77074619011949,-0.164171511626621,-0.440159904974478,-0.752198030603081,-0.756511053680238,"suburban",0
"MO",-0.56155338575188,-0.314840535984564,0.158558612171378,-0.547048480090755,-0.756511053680238,"suburban",1
"MD",1.35671052277665,-0.370748061942353,-0.676496161742579,1.20356101761443,1.92380235019307,"suburban",1
"MS",1.01023494054279,-0.370748061942353,0.53669662300034,0.888998373495526,-0.756511053680238,"suburban",1
"CT",-0.632610724191965,4.46402226459606,-0.361381152718444,-0.369252202980072,0.7060077819115,"suburban",1
"WI",-0.461874151388129,1.14367781415953,0.985735510859732,-0.656461573697329,0.641913330949313,"urban",0
"NY",0.54745270675021,-2.46666495095427,-0.755274913998613,1.91474612605715,-0.639975688294442,"suburban",1
"NC",-0.36060323264332,-1.15661800229242,-3.84340200243513,-0.164102652467747,-0.639975688294442,"suburban",1
"PA",0.733821894010865,0.969801892234206,0.473673621195513,0.341932905462657,1.80726698480727,"suburban",1
"AL",-0.226987013440585,1.02694008700239,1.04875851266456,-0.0820428322628164,0.175771869406129,"suburban",1
"TX",-0.36060323264332,-0.370748061942353,-0.227457273883187,-0.355575566279251,0.874984061720904,"suburban",0
"TX",-0.785384001838147,-0.155468925038852,-0.227457273883187,-0.765874667303902,0.874984061720904,"suburban",1
"AL",3.42049986043047,-0.370748061942353,0.65486475138439,-0.861611124209654,1.34112552326409,"suburban",0
"MO",-0.490496047311795,-0.341475725238039,-0.660740411291373,-0.478665296586646,0.758448696335108,"urban",0
"TN",-0.36060323264332,-0.370748061942353,-0.79466429012663,0.0547235347454008,-0.639975688294442,"suburban",1
"FL",0.708951825556835,-1.59675791183747,0.946346134731715,1.29929747452018,0.292307234791925,"urban",1
"TN",2.93844687645293,0.131013193037306,0.765155004542838,2.2566620435777,0.700181013642211,"urban",1
"PA",-0.240089986648937,-0.370748061942353,-0.440159904974478,-0.246162472672677,0.408842600177721,"urban",1
"NC",-0.0357290812952531,-1.92719248742761,0.284604615781032,0.560759092675804,-0.98958178445183,"suburban",1
"PA",-0.732090998008083,-0.225617047231173,0.670620501835597,-0.711168120500616,-0.756511053680238,"urban",0
"OH",-0.589976321127914,-0.302709657710704,0.190070113073792,-0.574401753492398,-0.523440322908646,"suburban",0
"NC",-0.127108818529202,1.02694008700239,0.473673621195513,-0.369252202980072,-0.523440322908646,"suburban",1
"SC",-0.760513933384117,1.05603661387665,0.686376252286804,-0.711168120500616,-0.873046419066034,"suburban",1
"SC",-0.831571271824202,0.830648411744927,0.686376252286804,-0.765874667303902,-0.873046419066034,"suburban",1
"NJ",-0.641137604804775,1.14675448618551,0.757277129317234,-0.752198030603081,-0.873046419066034,"suburban",1
"NH",0.257027153077896,-0.370748061942353,0.347627617585859,0.20516653845444,-0.40690495752285,"urban",1
"FL",0.482989489317365,-0.370748061942353,0.150680736945775,0.410316088966766,0.175771869406129,"suburban",1
"PA",-0.604187788815931,-0.29638050382869,0.0325126085617241,-0.58807839019322,0.175771869406129,"urban",1
"MD",-0.697557131526202,-0.201794815258593,-0.243213024334394,-0.683814847098972,-0.873046419066034,"urban",1
"NC",-0.35000147774806,1.02694008700239,-0.629228910388959,-0.410282113082538,-0.873046419066034,"suburban",1
"NC",-0.179833363651745,-0.370748061942353,-0.148678521627153,-0.19145592586939,-0.98958178445183,"suburban",1
"CT",0.883042304735042,-0.414700519456339,0.836055881573268,0.793261916589774,-0.639975688294442,"urban",1
"CT",1.91408428550067,-0.370748061942353,-0.203823648206377,1.70959657554483,-0.756511053680238,"suburban",1
"FL",-0.19205522586344,-0.359759947563857,0.615475375256374,0.410316088966766,-0.756511053680238,"suburban",1
"FL",0.708951825556835,-1.30254016123885,0.103413485592154,1.09414792400785,3.32222673482262,"suburban",1
"TN",0.603502735311749,-0.370748061942353,0.292482491006635,0.519729182573339,3.9049035617516,"suburban",1
"MI",-0.405227241183694,-0.368110914491514,0.717887753189217,-0.396605476381716,1.92380235019307,"suburban",1
"GA",0.287155464576492,-0.370748061942353,-0.400770528846461,0.232519811856083,0.758448696335108,"suburban",1
"PA",-0.55439080603712,1.09576963546929,0.284604615781032,-0.697491483799794,0.758448696335108,"urban",1
"MI",-0.803148336448168,-0.171819239234055,0.260970990104222,-0.779551304004724,1.1080547924925,"suburban",1
"MI",-0.375667388392618,-0.370748061942353,-0.731641288321803,-0.369252202980072,-0.40690495752285,"suburban",1
"PA",-0.131656488189367,-0.414700519456339,0.51306299732353,-0.136749379066103,1.34112552326409,"urban",1
"NJ",-0.194897519401043,-0.370748061942353,0.497307246872323,-0.205132562570212,-0.98958178445183,"suburban",1
"MI",-0.240089986648937,-0.370748061942353,0.182192237848188,-0.246162472672677,0.232874198445169,"suburban",1
"MI",0.257027153077896,-0.370748061942353,-0.353503277492841,0.20516653845444,-0.873046419066034,"suburban",1
"PA",-0.589976321127914,-0.302709657710704,0.662742626609994,-0.957347581115406,-0.873046419066034,"suburban",1
"MD",-0.70366806263205,-0.243813364641963,-0.550450158132925,-0.683814847098972,-0.0572988613654626,"urban",1
"PA",-0.604187788815931,1.12363549353315,0.528818747774736,-0.752198030603081,0.292307234791925,"suburban",1
"NJ",0.539835360069433,-0.414700519456339,0.457917870744306,0.478699272470874,-0.98958178445183,"suburban",1
"NY",-0.322942843270076,1.02694008700239,-0.290480275688014,-0.547048480090755,0.338921380946243,"urban",1
"NC",0.106385595584916,-1.14721217638442,-0.79466429012663,0.341932905462657,-0.756511053680238,"urban",1
"PA",1.7333144165091,1.02694008700239,0.851811632024475,1.13517783411032,1.34112552326409,"suburban",1
"FL",-0.751987052771307,1.08073789499951,-0.21170152343198,-0.683814847098972,0.175771869406129,"suburban",1
"GA",-0.5950924494956,1.19395942555553,0.725765628414821,-0.711168120500616,-0.40690495752285,"suburban",1
"FL",-0.263112564303524,-0.89299116212353,-0.195945772980774,-0.136749379066103,-0.523440322908646,"suburban",1
"TX",0.0160006610891286,-0.370748061942353,-0.0147546427918961,-0.0136596487587078,-0.173834226751259,"urban",1
"NY",-0.726832754963517,-0.187817933769145,0.804544380670854,-0.711168120500616,1.92380235019307,"urban",1
"PA",-0.194897519401043,-0.370748061942353,-0.219579398657584,-0.205132562570212,0.758448696335108,"urban",0
"MI",-0.831571271824202,-0.634462807026267,-0.353503277492841,-0.752198030603081,0.175771869406129,"suburban",1
"FL",-0.04994054898327,-0.390262953078563,0.804544380670854,-0.0683661955619946,1.34112552326409,"suburban",1
"SC",-0.618399256503948,-0.289699730286564,0.51306299732353,-0.601755026894042,3.55529746559421,"suburban",1
"SC",-0.604187788815931,-0.29638050382869,0.51306299732353,-0.58807839019322,3.55529746559421,"suburban",1
"SC",-0.56155338575188,-0.314840535984564,0.51306299732353,-0.547048480090755,3.55529746559421,"rural",1
"NC",0.407668710570876,-0.370748061942353,0.51306299732353,0.341932905462657,3.55529746559421,"suburban",1
"MI",-0.774725401072134,0.495730685488357,0.969979760408525,-0.656461573697329,-0.639975688294442,"suburban",1
"NC",-0.618399256503948,-0.289699730286564,0.765155004542838,-0.601755026894042,-0.40690495752285,"suburban",1
"TX",-0.258422779966479,-0.322136643931886,-0.550450158132925,-0.27351574607432,-0.756511053680238,"urban",1
"NJ",0.987496592241967,-0.414700519456339,0.686376252286804,0.888998373495526,0.9915194271067,"urban",1
"NJ",1.06210679760406,-0.414700519456339,0.686376252286804,0.957381556999634,0.9915194271067,"urban",1
"MD",1.02529909629209,-0.370748061942353,0.0797798599153443,0.902675010196347,-0.290369592137054,"urban",1
"NC",-0.172301285777096,-0.370748061942353,-3.84340200243513,-0.184617607518979,0.0592365040203332,"urban",1
"OH",-0.533130450375846,-0.326004460193117,-0.329869651816031,-0.519695206689111,0.758448696335108,"suburban",1
"TX",-0.558000518829876,1.09779144851493,0.867567382475681,-0.615431663594863,4.25450965790898,"suburban",1
"PA",-0.419438708871711,-0.3639793834852,-0.0147546427918961,-0.410282113082538,0.641913330949313,"urban",1
"MI",-0.225025830899639,-0.370748061942353,0.284604615781032,-0.232485835971855,1.34112552326409,"suburban",0
"MS",0.362476243322982,-0.370748061942353,0.150680736945775,0.300902995360192,-0.523440322908646,"suburban",1
"MD",1.73135323396815,1.02694008700239,0.473673621195513,0.930028283597991,-0.873046419066034,"suburban",1
"NJ",2.36600895797961,-1.36697446395435,-0.416526279297668,3.04990697222536,0.175771869406129,"urban",1
"MD",0.186225621056196,1.02694008700239,0.710009877963614,-0.0957194689636381,0.175771869406129,"suburban",1
"NC",-0.575764853439897,-0.308863001762662,-0.432282029748875,-0.560725116791577,0.525377965563517,"suburban",1
"LA",1.58437823513868,-1.95303653244583,0.639109000933184,2.80372751161057,0.175771869406129,"suburban",1
"NJ",1.08555571928928,-0.370748061942353,-0.503182906779305,0.957381556999634,1.34112552326409,"urban",1
"OH",-0.70366806263205,-0.243813364641963,0.843933756798871,-0.683814847098972,-0.873046419066034,"suburban",1
"AL",-0.375667388392618,-0.370748061942353,-0.251090899559997,-0.369252202980072,1.34112552326409,"rural",1
"VA",-0.7463024656961,-1.66004945065761,-0.432282029748875,-0.478665296586646,-0.40690495752285,"suburban",1
"FL",0.899868682477655,0.912663697466025,1.50567527574955,0.492375909171696,0.175771869406129,"suburban",1
"TN",-0.831571271824202,-2.40565893992486,0.773032879768441,-0.382928839680894,-0.639975688294442,"suburban",1
"TX",6.62916503503093,-0.375143307693752,-0.589839534260942,5.99722218125244,-0.639975688294442,"suburban",1
"ME",-0.511813248843821,1.0747603607776,0.150680736945775,-0.300869019475964,-0.98958178445183,"suburban",1
"PA",0.0687252062116714,1.02694008700239,-0.195945772980774,-0.27351574607432,0.758448696335108,"urban",1
"MI",-0.69585175540364,1.56984084221514,-0.91283241851068,-0.739615524838325,-0.0572988613654626,"suburban",1
"NJ",1.83876350675418,-0.370748061942353,0.0640241094641376,1.64121339204072,2.50647917712205,"urban",1
"PA",-0.366742586684544,1.11581195609567,-0.361381152718444,-0.58807839019322,-0.98958178445183,"urban",1
"MI",-0.390731544141916,-0.370748061942353,0.757277129317234,-0.382928839680894,-0.523440322908646,"urban",1
"SC",0.305346143217154,-0.443357521755458,1.1511708905974,0.273549721958548,0.758448696335108,"suburban",1
"PA",-0.277324031991541,-0.400020398646668,0.773032879768441,-0.27351574607432,-0.756511053680238,"suburban",1
"IA",0.0762572840863204,-0.370748061942353,-3.84340200243513,0.0410468980445791,-0.523440322908646,"urban",1
"GA",-0.831571271824202,-0.146063099130859,0.65486475138439,-0.806904577406368,0.874984061720904,"urban",1
"PA",-0.185233721373191,-0.333388473055466,0.58396387435396,-0.205132562570212,-0.290369592137054,"urban",1
"MT",2.27261119233396,-0.370748061942353,-0.11716702072474,2.03510052902439,0.175771869406129,"urban",1
"AL",-0.7463024656961,1.09700030427968,1.67111065548723,-0.847934487508833,-0.756511053680238,"suburban",1
"MS",2.21536740048663,-0.370748061942353,-0.597717409486546,1.98312930956126,-0.40690495752285,"urban",1
"NJ",3.82268439600135,-0.414700519456339,0.442162120293099,3.48755934665165,-0.173834226751259,"urban",1
"TX",0.633631046810345,-0.370748061942353,-0.455915655425685,0.341932905462657,-0.173834226751259,"suburban",1
"IL",-0.547341918063863,-0.320554355461382,1.02512488698775,-0.533371843389933,-0.873046419066034,"suburban",1
"CT",1.31151805552875,-0.370748061942353,-0.203823648206377,1.16253110751196,-0.756511053680238,"suburban",1
"OH",-0.624510187609795,1.1360300865521,-0.432282029748875,-0.19145592586939,2.27340844635046,"suburban",1
"PA",-0.518918982687829,-0.331366660009823,-0.306236026139221,-0.50601856998829,1.34112552326409,"urban",1
"MI",0.257027153077896,-0.370748061942353,-1.10190142392516,0.20516653845444,0.175771869406129,"rural",1
"MI",-0.490496047311795,-0.341475725238039,-3.84340200243513,-0.478665296586646,2.50647917712205,"suburban",0
"LA",-0.551179014339628,-0.256471672405991,-0.274724525236807,-0.547048480090755,-0.523440322908646,"urban",1
"FL",1.16087649803577,-0.370748061942353,0.150680736945775,1.02576474050374,0.175771869406129,"suburban",1
"IL",-0.0442559619080633,-0.370748061942353,0.670620501835597,-0.0683661955619946,-0.290369592137054,"suburban",1
"NJ",0.656227280434292,1.02694008700239,0.402772744165083,0.136783354950331,-0.639975688294442,"urban",1
"NJ",1.50735208026963,-0.370748061942353,0.442162120293099,2.05151249306537,-0.873046419066034,"urban",1
"TX",-0.476284579623778,-0.34622259064955,-0.274724525236807,-0.464988659885825,2.15687308096466,"rural",1
"PA",-0.405227241183694,-2.09957402579746,0.812422255896458,0.136783354950331,-0.523440322908646,"suburban",1
"AL",-0.77074619011949,-0.704786739048644,-0.14080064640155,-0.683814847098972,-0.756511053680238,"suburban",1
"OH",-0.661033659567999,-0.268163026104711,-0.148678521627153,-0.642784936996507,0.758448696335108,"urban",1
"TN",0.96475824394114,-0.458652976970324,0.993613386085335,0.888998373495526,-0.523440322908646,"suburban",1
"PA",1.55254454751752,-0.370748061942353,-3.84340200243513,1.38135729472511,-0.40690495752285,"rural",1
"NY",-0.345539076894023,-0.370748061942353,-0.920710293736284,-0.341898929578429,-0.40690495752285,"rural",1
"GA",-0.490496047311795,-0.341475725238039,0.741521378866027,-0.478665296586646,-0.639975688294442,"suburban",1
"VA",-0.101812406044532,-0.414700519456339,0.875445257701285,-0.10939610566446,0.175771869406129,"suburban",1
"OK",-0.77074619011949,-0.164171511626621,0.323993991909049,-0.752198030603081,2.50647917712205,"urban",1
"NJ",1.38683883427524,-0.370748061942353,-3.84340200243513,1.23091429101607,0.758448696335108,"suburban",1
"FL",0.465225154707344,-0.414700519456339,0.63123112570758,0.410316088966766,-0.756511053680238,"suburban",1
"LA",4.41956603889806,-0.414700519456339,0.639109000933184,4.03462481468452,0.470606343832193,"suburban",1
"GA",-0.774725401072134,-0.194938231886411,0.284604615781032,-0.752198030603081,-0.290369592137054,"suburban",1
"OH",-0.390731544141916,-0.370748061942353,-0.660740411291373,-0.382928839680894,-0.173834226751259,"urban",1
"WI",-0.194897519401043,-0.370748061942353,-0.227457273883187,-0.205132562570212,0.758448696335108,"suburban",1
"NC",-0.270218298147533,-0.370748061942353,-0.708007662644993,-0.27351574607432,1.57419625403568,"suburban",1
"OH",-0.814659625275462,-0.136745178137894,-0.660740411291373,-0.793227940705546,-0.873046419066034,"suburban",1
"WI",0.558310268063855,-0.370748061942353,-0.266846650011204,0.478699272470874,0.758448696335108,"suburban",1
"WI",0.106385595584916,-0.370748061942353,-0.266846650011204,0.0684001714462226,0.758448696335108,"urban",1
"WI",-0.726832754963517,-0.187817933769145,-0.266846650011204,-0.711168120500616,0.758448696335108,"urban",1
"NJ",1.46215961302173,-0.370748061942353,-0.361381152718444,1.29929747452018,0.718826672103938,"urban",1
"MO",0.633631046810345,-0.370748061942353,-0.109289145499137,0.547082455974983,0.175771869406129,"suburban",1
"AL",-0.604187788815931,1.12363549353315,1.11965938969499,-0.683814847098972,0.246858442291465,"suburban",1
"PA",-0.277324031991541,-0.400020398646668,0.568208123902753,-0.27351574607432,-0.756511053680238,"urban",1
"GA",-0.661033659567999,-1.08910702755093,0.662742626609994,-0.50601856998829,-0.639975688294442,"suburban",1
"TN",-0.661033659567999,-0.268163026104711,0.284604615781032,-0.642784936996507,-0.290369592137054,"suburban",1
"IL",-0.652194126666052,1.22129785412923,-0.93646604418749,-0.779551304004724,1.1080547924925,"suburban",1
"IN",-0.813664822537301,1.33021204384889,0.505185122097926,-0.875287760910476,0.758448696335108,"suburban",1
"AL",-0.831571271824202,-0.146063099130859,0.150680736945775,-0.492341933287468,1.34112552326409,"urban",1
"OH",-0.568659119595889,-0.311851768873613,-0.274724525236807,-0.553886798441166,-0.0572988613654626,"urban",1
"TN",-0.391015773495677,-0.372066635667773,0.773032879768441,-0.382928839680894,-0.639975688294442,"suburban",1
"PA",1.10061987503858,-0.370748061942353,-0.684374036968183,0.971058193700456,0.758448696335108,"rural",1
"IL",-0.575764853439897,-0.308863001762662,-0.613473159937752,-0.560725116791577,-0.756511053680238,"suburban",1
"MI",-0.447861644247744,-0.355364701812459,-0.644984660840166,-0.437635386484181,-0.173834226751259,"suburban",1
"MI",1.31151805552875,-0.370748061942353,-0.298358150913617,1.16253110751196,-0.40690495752285,"suburban",1
"IN",-0.77074619011949,-0.164171511626621,-0.621351035163356,-0.752198030603081,0.175771869406129,"urban",0
"OH",-0.726832754963517,-0.187817933769145,0.174314362622585,-0.711168120500616,-0.173834226751259,"suburban",1
"PA",-0.342526245744163,1.02694008700239,-0.18806789775517,-0.560725116791577,-0.98958178445183,"urban",1
"GA",0.669159716030387,-0.458652976970324,0.914834633829302,0.615465639479091,-0.756511053680238,"suburban",1
"MI",1.0682177287099,-0.458652976970324,-3.84340200243513,1.02576474050374,-0.98958178445183,"suburban",1
"NY",0.809569016787995,0.912663697466025,1.27721689420706,0.273549721958548,-0.873046419066034,"suburban",1
"PA",-0.756847374720609,1.28520472735457,1.615965528908,-0.847934487508833,-0.173834226751259,"suburban",1
"NJ",2.96465282286964,0.969801892234206,0.544574498225943,1.77797975904894,-0.173834226751259,"urban",1
"GA",-0.7463024656961,-0.986082467138151,0.717887753189217,-0.724844757201437,-0.173834226751259,"suburban",1
"PA",2.14004662174014,-0.370748061942353,-0.708007662644993,1.91474612605715,-0.639975688294442,"suburban",1
"PA",-0.022199764056261,0.930068870641563,1.33236202078628,-0.314545656176786,-0.639975688294442,"suburban",1
"AL",-0.188502358941435,0.965406646482808,1.67111065548723,-0.136749379066103,-0.756511053680238,"suburban",1
"WI",-0.277324031991541,-0.400020398646668,1.08027001356697,-0.27351574607432,3.67183283098001,"urban",1
"PA",-0.255154142398235,-0.370748061942353,-0.487427156328098,-0.259839109373499,-0.639975688294442,"suburban",1
"MS",0.0611931283370225,-0.370748061942353,-0.329869651816031,0.0273702613437574,1.34112552326409,"suburban",1
"PA",-0.419438708871711,-0.3639793834852,-3.84340200243513,-0.410282113082538,-0.98958178445183,"urban",0
"NC",0.838276181517789,-1.56845252919846,0.773032879768441,1.43606384152839,-0.40690495752285,"suburban",1
"MI",-0.738486158467691,1.46549770807694,1.00149126131094,-0.763987291439189,-0.173834226751259,"urban",1
"LA",0.241962997328598,-0.392021051379122,-1.07826779824835,0.198328220104029,-0.756511053680238,"urban",1
"LA",-0.338006999019374,-0.370748061942353,-1.07826779824835,-0.335060611228018,-0.756511053680238,"urban",1
"FL",1.74786695942163,0.969801892234206,0.426406369841893,0.943704920298813,1.34112552326409,"suburban",1
"TX",-0.468866193490634,1.05568499421653,-0.400770528846461,-0.175043961828404,-0.756511053680238,"suburban",1
"TX",-0.419438708871711,-0.3639793834852,-0.692251912193786,-0.410282113082538,1.34112552326409,"urban",1
"TN",-0.348381370431626,-0.383318464791354,0.450039995518703,-0.341898929578429,1.34112552326409,"suburban",1
"PA",-0.264192635847813,1.02694008700239,-0.455915655425685,-0.478665296586646,-0.756511053680238,"urban",1
"OH",0.618566891061047,-0.370748061942353,-0.834053666254647,0.533405819274161,-0.873046419066034,"suburban",1
"LA",0.139924659328636,-3.35854821882806,0.394894868939479,2.59857796109824,3.67183283098001,"urban",1
"FL",0.889011121164009,0.969801892234206,0.457917870744306,0.314579632061014,0.9915194271067,"suburban",1
"IL",0.106385595584916,-0.370748061942353,-0.416526279297668,0.0684001714462226,1.34112552326409,"suburban",1
"NY",-0.618399256503948,-0.289699730286564,0.749399254091631,-0.601755026894042,-0.173834226751259,"urban",1
"VA",0.859593383049814,-0.370748061942353,0.253093114878618,0.779585279888952,-0.290369592137054,"suburban",1
"WI",0.437797022069472,-0.370748061942353,-0.542572282907322,0.3692861788643,0.408842600177721,"suburban",1
"TX",-0.398121507339685,-0.37004482262213,-0.479549281102495,-0.389767158031305,-0.523440322908646,"suburban",1
"IN",-0.547341918063863,-0.320554355461382,0.520940872549133,-0.533371843389933,-0.523440322908646,"urban",1
"CT",-0.146692221003289,1.02694008700239,0.190070113073792,-0.423958749783359,0.65473222114175,"suburban",1
"IN",-0.641137604804775,1.14675448618551,0.268848865329825,-0.697491483799794,1.45766088864988,"suburban",1
"OH",-0.490496047311795,-0.341475725238039,0.316116116683445,-0.478665296586646,0.292307234791925,"urban",1
"NC",1.64406639942835,-0.414700519456339,0.836055881573268,1.49077038833168,-0.523440322908646,"suburban",1
"NY",3.88649388592054,0.912663697466025,0.962101885182922,2.46864991244043,-0.98958178445183,"suburban",1
"LA",-0.632610724191965,-0.282843146914382,0.977857635634129,-0.615431663594863,0.175771869406129,"suburban",1
"PA",-0.194897519401043,-0.370748061942353,-0.487427156328098,-0.205132562570212,1.80726698480727,"suburban",1
"OH",0.219366763704651,-0.370748061942353,-0.432282029748875,0.170974946702385,2.27340844635046,"suburban",1
"OH",1.19640516725582,-0.414700519456339,0.505185122097926,1.08047128730703,0.175771869406129,"urban",1
"OH",-0.771371494697762,1.25232828913411,-0.361381152718444,-0.861611124209654,0.9915194271067,"rural",1
"FL",-0.533613640277239,1.58663068098548,-3.84340200243513,-0.626468709412427,-0.639975688294442,"urban",1
"MI",-0.726576948545133,1.83065472510313,0.576085999128357,-0.733802954240475,-0.756511053680238,"suburban",1
"MI",-0.345539076894023,-0.370748061942353,-0.377136903169651,-0.341898929578429,0.408842600177721,"urban",1
"NJ",2.92309849134987,0.912663697466025,1.28509476943266,2.94049387861878,-0.756511053680238,"suburban",1
"SC",-0.345539076894023,-0.370748061942353,-0.353503277492841,-0.341898929578429,-0.0572988613654626,"suburban",1
"CT",0.106385595584916,-1.5786494993417,-0.471671405876892,-0.246162472672677,-0.290369592137054,"suburban",1
"MI",1.61280117051471,-0.370748061942353,0.0325126085617241,1.43606384152839,-0.40690495752285,"suburban",1
"MO",-0.0781361008762957,1.02702799191742,-3.84340200243513,-0.341898929578429,0.175771869406129,"urban",1
"NY",-0.803148336448168,0.925146195399997,0.899078883378095,-0.820581214107189,1.34112552326409,"suburban",1
"TX",-0.3270641688996,1.003733189435,1.45840802439593,-0.451312023185003,-0.290369592137054,"urban",1
"MD",-0.348381370431626,0.883918790251878,0.316116116683445,0.0615618530958117,0.758448696335108,"urban",1
"AR",0.437797022069472,-0.370748061942353,0.0246347333361207,0.3692861788643,0.175771869406129,"rural",1
"NC",-0.319560513960328,1.31412544439877,1.12753726492059,-0.485161699019537,-0.873046419066034,"urban",1
"GA",-0.800021813556804,-0.146326813875944,0.552452373451547,-0.779551304004724,-0.639975688294442,"suburban",1
"CT",0.362476243322982,1.02694008700239,-0.440159904974478,0.547082455974983,0.0592365040203332,"suburban",1
"AL",-0.689456594944033,-0.252252236484649,0.150680736945775,-0.67013821039815,1.34112552326409,"suburban",1
"OH",-0.56155338575188,-0.314840535984564,0.63123112570758,-0.547048480090755,1.22459015787829,"urban",1
"IL",0.739080137055431,-0.370748061942353,-3.84340200243513,0.642818912880735,-0.756511053680238,"suburban",1
"FL",-0.194897519401043,-2.16268975478754,-0.920710293736284,0.478699272470874,0.0592365040203332,"suburban",1
"PA",-0.324904025811022,1.02694008700239,-0.778908539675423,-0.423958749783359,-0.873046419066034,"urban",1
"MD",-0.300346609646129,-0.370748061942353,-0.219579398657584,-0.300869019475964,-0.98958178445183,"urban",1
"GA",0.225761924164259,-0.458652976970324,1.41901864826792,0.20516653845444,-0.40690495752285,"urban",1
"NC",0.949978317545602,1.02694008700239,-0.377136903169651,0.560759092675804,-0.173834226751259,"suburban",1
"MD",1.20606896528367,-0.370748061942353,-0.0935333950479298,1.06679465060621,1.92380235019307,"suburban",1
"OH",-0.490496047311795,-2.21675127752975,0.828178006347665,0.0684001714462226,0.175771869406129,"suburban",1
"IL",0.714977487856554,1.02694008700239,-0.369259027944048,0.20516653845444,-0.0572988613654626,"suburban",1
"MI",-0.622662696810353,1.13488732265674,0.166436487396981,-0.67013821039815,-0.639975688294442,"suburban",1
"FL",-0.0357290812952531,-1.83313422834768,1.48991952529835,0.506052545872518,0.758448696335108,"suburban",1
"OH",-0.68732487479083,1.17936720966089,-0.0462661436943096,-0.806904577406368,-0.873046419066034,"suburban",1
"MD",-0.179833363651745,-0.370748061942353,-0.581961659035339,-0.19145592586939,0.758448696335108,"suburban",1
"MS",-0.810254070292177,-0.165665895182097,0.308238241457842,-0.786389622355135,-0.0572988613654626,"urban",1
"GA",-0.334169902743609,-0.386834661392472,0.938468259506112,-0.328222292877607,-0.40690495752285,"suburban",1
"TX",0.137082365791033,-0.458652976970324,0.906956758603698,0.123106718249509,-0.873046419066034,"suburban",1
"SC",-0.362592838119643,-0.311324339383445,0.710009877963614,-0.369252202980072,-0.756511053680238,"suburban",1
"MD",-0.322942843270076,1.02694008700239,0.134924986494568,-0.478665296586646,0.758448696335108,"urban",1
"GA",-0.319958435055592,-0.390262953078563,1.02512488698775,-0.314545656176786,0.175771869406129,"suburban",1
"CT",0.137082365791033,0.912663697466025,0.914834633829302,0.28722635865937,-0.756511053680238,"suburban",1
"TX",2.30063620661473,-0.414700519456339,0.867567382475681,2.09254240316784,4.25450965790898,"urban",1
"GA",-0.0570462828272785,-1.35405244144524,0.339749742360256,0.246196448556905,-0.40690495752285,"suburban",1
"GA",-0.419438708871711,1.03573057850518,0.473673621195513,0.615465639479091,-0.756511053680238,"rural",1
"WA",-0.518918982687829,-0.331366660009823,0.0719019846897409,-0.50601856998829,3.67183283098001,"suburban",1
"AL",0.332347931824386,-0.370748061942353,0.0403904837873275,0.259873085257727,1.34112552326409,"suburban",1
"AL",0.257027153077896,-0.370748061942353,0.0403904837873275,0.191489901753618,1.34112552326409,"suburban",1
"WV",-0.19205522586344,-1.13807006522151,-3.84340200243513,0.0136936246429357,-0.756511053680238,"rural",1
"GA",-0.756108378400832,-1.2722129655542,-0.534694407681719,-0.574401753492398,-0.290369592137054,"suburban",1
"NY",-0.800021813556804,-0.146326813875944,0.221581613976205,-0.735416797371172,-0.0572988613654626,"urban",1
"IN",5.87169380725963,-0.458652976970324,0.906956758603698,5.42964175816834,2.50647917712205,"rural",1
"IN",-0.419438708871711,-0.3639793834852,0.757277129317234,-0.410282113082538,1.57419625403568,"suburban",1
"MS",-0.490496047311795,-0.341475725238039,0.520940872549133,-0.478665296586646,-0.756511053680238,"urban",1
"FL",-0.139131720193264,0.969713987319178,0.528818747774736,-0.328222292877607,-0.873046419066034,"suburban",1
"SC",-0.788936868760151,1.27017298688478,1.07239213834137,-0.711168120500616,-0.523440322908646,"urban",1
"NJ",1.73359864586286,-0.414700519456339,0.371261243262669,1.57283020853661,-0.873046419066034,"urban",1
"FL",2.4413297367261,-0.370748061942353,-0.503182906779305,2.18827886007359,-0.40690495752285,"suburban",1
"NJ",4.71056005127789,0.969801892234206,0.867567382475681,3.00887706212289,-0.873046419066034,"urban",1
"AL",0.539835360069433,-1.03003492465214,0.497307246872323,0.752232006487309,-0.0572988613654626,"rural",1
"AL",-0.575764853439897,-0.308863001762662,0.323993991909049,-0.560725116791577,0.408842600177721,"suburban",1
"TN",-0.490496047311795,-1.3284721111721,-0.526816532456115,-0.259839109373499,3.08915600405103,"rural",1
"FL",1.54515458431975,0.969801892234206,0.773032879768441,1.84636294255305,1.34112552326409,"suburban",1
"IA",-0.572211986517893,1.53494259094903,0.765155004542838,-0.6441703802943,0.9915194271067,"suburban",1
"WA",0.558310268063855,-1.0710865199702,0.103413485592154,0.793261916589774,-0.523440322908646,"suburban",1
"TN",-0.774725401072134,-2.61232339515562,-0.243213024334394,-0.0820428322628164,0.175771869406129,"suburban",1
"GA",-0.82628460584426,2.03415460339288,0.473673621195513,-0.734459432802115,-0.756511053680238,"rural",1
"NJ",0.957652510097131,-0.414700519456339,0.568208123902753,0.861645100093882,-0.523440322908646,"suburban",1
"PA",-0.462073111935761,-0.350881551146032,0.213703738750602,-0.451312023185003,-0.756511053680238,"urban",1
"AR",-0.504707514999812,-0.336465145081444,0.0403904837873275,-0.492341933287468,-0.290369592137054,"suburban",1
"FL",1.37632234818611,0.855525502697843,1.22207176762783,0.697525459684022,-0.173834226751259,"suburban",1
"NC",1.31180228488251,-1.97984753152936,-0.629228910388959,2.46181159409002,-0.756511053680238,"suburban",1
"TX",2.18125987803539,-2.40504360551966,0.528818747774736,4.47227718911082,0.175771869406129,"suburban",1
"AL",-0.419438708871711,-0.3639793834852,0.0561462342385342,-0.410282113082538,1.34112552326409,"suburban",1
"LA",0.482989489317365,-0.370748061942353,-0.00687676756629275,0.410316088966766,-0.639975688294442,"suburban",1
"MI",0.0623300457520638,-0.414700519456339,0.773032879768441,0.0410468980445791,0.316779661522942,"rural",1
"PA",-0.620815206010911,1.13374455876137,1.70262215638964,-0.423958749783359,-0.40690495752285,"suburban",1
"GA",-0.271639444916334,0.987207065409744,1.02512488698775,-0.50601856998829,0.175771869406129,"suburban",1
"PA",0.287155464576492,-1.57407844376025,-0.448037780200082,0.76590864318813,-0.756511053680238,"suburban",1
"SC",-0.567237972827087,1.1027141237565,0.938468259506112,-0.437635386484181,-0.0572988613654626,"suburban",1
"GA",-0.790443284335081,1.65493279996221,0.473673621195513,-0.617268435903784,-0.98958178445183,"suburban",1
"NC",-0.891344704920001,1.8403242657562,-0.605595284712149,-0.6574777478042,-0.98958178445183,"suburban",1
"NC",-0.804967404312234,1.67743645820937,-0.605595284712149,-0.659210577674194,0.137315198828816,"rural",1
"TX",-0.552827544591438,4.57363969363594,-0.684374036968183,-0.578522524130356,-0.98958178445183,"urban",1
"TX",-0.552827544591438,4.57363969363594,-1.21219167708361,-0.54647406134932,-0.98958178445183,"urban",1
"NC",-0.508118267244936,1.46532189824688,0.284604615781032,-0.524304233257288,-0.98958178445183,"rural",1
"NC",-0.274453315518562,1.31113667728782,0.780910754994044,-0.430345739122643,-0.98958178445183,"rural",1
"IN",-0.293866180380393,1.31623516235944,1.26146114375585,-0.415109965837928,-0.98958178445183,"suburban",1
"ME",-1.00998203717957,7.47274379125842,-0.802542165352233,-0.496736236659442,-0.98958178445183,"rural",0
"MS",-0.709153689159624,1.80226143754909,0.725765628414821,-0.647872645849213,1.34112552326409,"urban",1
"FL",-0.516787262534627,1.4742002946647,-0.93646604418749,-0.536667912834831,-0.98958178445183,"suburban",0
"FL",-0.761963503088295,1.89438578849841,0.229459489201808,-0.648519550765161,-0.98958178445183,"suburban",1
"NC",-0.562150267394777,1.61476025379443,-0.637106785614562,-0.589545893311218,-0.639975688294442,"urban",1
"TX",-0.408240072333553,1.37732907830388,0.205825863524998,-0.47706513009265,-0.98958178445183,"rural",1
"NY",-0.803432565801928,1.98062051014085,-0.574083783809735,-0.559278265394997,0.181598637675419,"suburban",1
"OH",-0.828558440674342,2.03995632778473,0.0167568581105174,-0.655531562401673,0.175771869406129,"suburban",1
"FL",-0.665439214551284,1.63867039068204,-0.715885537870596,-0.60537933561976,-0.98958178445183,"suburban",1
"NC",-0.733398453035381,1.84269769846196,-0.400770528846461,-0.631282885531116,-0.756511053680238,"rural",0
"OH",-0.830462777344537,2.04470319319624,0.473673621195513,-0.699406212937909,-0.290369592137054,"urban",1
"NC",-0.647959109295023,1.63497838425086,1.1432930153718,-0.600842795226097,0.758448696335108,"rural",1
"IN",-0.714383509268814,1.81070030939178,0.906956758603698,-0.656133334416509,0.175771869406129,"rural",1
"IN",-0.604074097074427,1.57441189779659,0.150680736945775,-0.633990859597878,-0.873046419066034,"rural",1
"IN",-0.604074097074427,1.57441189779659,-0.0620218941455163,-0.624926121558941,-0.873046419066034,"rural",1
"IN",-0.742465369420336,1.85825686842191,0.710009877963614,-0.680546130927476,-0.98958178445183,"suburban",0
"KY",-0.777311888191353,-0.21489264759776,-0.11716702072474,-0.609660122907117,-0.40690495752285,"urban",1
"OH",-0.830462777344537,2.04470319319624,0.347627617585859,-0.670616892682679,-0.290369592137054,"urban",1
"MO",-0.666803515449334,1.73949732821912,-0.16443427207836,-0.651045625563803,0.0592365040203332,"suburban",1
"OH",-0.704861825917843,1.79558066400697,1.34811777123749,-0.667474138335197,-0.290369592137054,"suburban",1
"PA",-0.392777995488991,1.47376077008956,0.615475375256374,-0.466725592746829,-0.98958178445183,"rural",1
"IN",-0.151211467728079,-0.370748061942353,0.221581613976205,-0.165470316137829,1.92380235019307,"suburban",1
